{
  "learning_rate": 0.0001,
  "beta1": 0.9,
  "beta2": 0.999,
  "weight_decay": 1e-06,
  "learned_softmax-normalized_embedding_weights": {
    "sgns": 0.3604184091091156,
    "char": 0.6395770907402039,
    "electra": 4.4779239942727145e-06
  },
  "learned_raw_projected_weights": {
    "sgns": [
      -0.6884569525718689,
      0.4021233320236206,
      -0.7714000940322876
    ],
    "char": [
      1.0479251146316528,
      0.48045942187309265,
      0.33986181020736694
    ],
    "electra": [
      -0.5796221494674683,
      0.30709266662597656,
      0.699181854724884
    ]
  }
}