{
  "learning_rate": 0.00085167223881802,
  "beta1": 0.951638651454137,
  "beta2": 0.99999999,
  "weight_decay": 0.7202110617311324
}