{
  "learning_rate": 0.0025962557222513876,
  "beta1": 0.9680933150004016,
  "beta2": 0.9857704913591726,
  "weight_decay": 0.8846258540184196
}